code	from	to	reason	searchable
AAE	Annabah	Annaba	spelling	
AAX	Araxa	Araxá	accents	
ABK	Kabri Dehar	Kebri Dahar	spelling	
ABU	Atambua-Timor Island	Atambua	suffix	
ACE	Lanzarote Island	Lanzarote	suffix	
ACH	Altenrhein	St. Gallen	served	Altenrhein
ACI	Saint Anne	Alderney	island	
ACV	Arcata/Eureka	Arcata	suffix	
ADF	Adiyaman	Adıyaman	accents	
ADK	Adak Island	Adak	suffix	
ADZ	San Andres	San Andrés	accents	
AES	Alesund	Ålesund	accents	
AGH	Angelholm	Ängelholm	accents	
AGI	Wageningen Airport	Wageningen	suffix	
AGP	Malaga	Málaga	accents	
AIU	Atiu Island	Atiu	suffix	
AJA	Ajaccio/Napoleon Bonaparte	Ajaccio	suffix	
AJI	Agri	Ağrı	accents	
AKX	Aktyubinsk	Aktobe	renamed	Aktyubinsk
ANU	St. George	Antigua	island	
AOE	Eskisehir	Eskişehir	accents	
AOK	Karpathos Island	Karpathos	suffix	
AOR	Alor Satar	Alor Setar	spelling	
ARD	Alor Island	Alor	suffix	
ARH	Archangelsk	Arkhangelsk	spelling	Archangelsk
ARU	Aracatuba	Araçatuba	accents	
ASU	Asuncion	Asunción	accents	
ASV	Amboseli National Park	Amboseli	suffix	
AUA	Oranjestad	Aruba	island	Oranjestad
AUX	Araguaina	Araguaína	accents	
AVN	Avignon/Caumont	Avignon	suffix	
AVP	Wilkes-Barre/Scranton	Wilkes-Barre	suffix	
AVR	Alverca	Amravati	served	
AWA	Awassa	Hawassa	renamed	Awassa
AXA	The Valley	Anguilla	island	The Valley
BBQ	Codrington	Barbuda	island	Codrington
BBR	Basse Terre	Basse-Terre	spelling	
BCD	Bacolod City	Bacolod	suffix	
BCM	Bacau	Bacău	accents	
BCO	Baco	Jinka	served	
BDJ	Banjarmasin-Borneo Island	Banjarmasin	suffix	
BDO	Bandung-Java Island	Bandung	suffix	
BDU	Malselv	Målselv	accents	
BEB	Balivanich	Benbecula	island	Balivanich
BEF	Bluefileds	Bluefields	spelling	
BEG	Belgrad	Belgrade	spelling	
BEJ	Tanjung Redep-Borneo Island	Tanjung Redeb	spelling	
BEL	Belem	Belém	accents	
BES	Brest/Guipavas	Brest	suffix	
BFN	Bloemfontain	Bloemfontein	spelling	
BGC	Braganca	Bragança	accents	
BGI	Bridgetown	Barbados	island	Bridgetown
BHI	Bahia Blanca	Bahía Blanca	accents	
BIA	Bastia/Poretta	Bastia	suffix	
BIK	Biak-Supiori Island	Biak	suffix	
BIQ	Biarritz/Anglet/Bayonne	Biarritz	suffix	
BJA	Bejaia	Béjaïa	accents	
BJF	Batsfjord	Båtsfjord	accents	
BJX	Silao	León	served	Guanajuato
BKN	Jebel	Balkanabat	served	
BKO	Senou	Bamako	served	Sénou
BKS	Bengkulu-Sumatra Island	Bengkulu	suffix	
BMU	Bima-Sumbawa Island	Bima	suffix	
BNN	Bronnoy	Brønnøy	accents	
BOB	Motu Mute	Bora Bora	island	Motu Mute
BOC	Isla Colon	Isla Colón	accents	
BOD	Bordeaux/Merignac	Bordeaux	suffix	
BOO	Bodo	Bodø	accents	
BOR	Belfort	Bokeo	served	
BPN	Balikpapan-Borneo Island	Balikpapan	suffix	
BPT	Beaumont/Port Arthur	Beaumont	suffix	
BQS	Blagoveschensk	Blagoveshchensk	spelling	
BRR	Eoligarry	Barra	island	Eoligarry
BRW	Barrow	Utqiagvik	renamed	Barrow
BSB	Brasilia	Brasília	accents	
BSC	Bahia Solano	Bahía Solano	accents	
BSL	Bale/Mulhouse	Basel	english	Mulhouse
BTH	Batam Island	Batam	suffix	
BTI	Barter Island Lrrs	Kaktovik	served	
BTJ	Banda Aceh-Sumatra Island	Banda Aceh	suffix	
BTW	Batu Licin-Borneo Island	Batu Licin	suffix	
BUA	Buka Island	Buka	suffix	
BUI	Bokondini-Papua Island	Bokondini	suffix	
BVA	Beauvais/Tille	Beauvais	suffix	
BVC	Rabil	Boa Vista	island	Rabil
BVE	Nespouls	Brive	served	
BVG	Berlevag	Berlevåg	accents	
BWA	Bhairawa	Bhairahawa	spelling	
BWK	Brac Island	Brač	suffix	
BXT	Bontang-Borneo Island	Bontang	suffix	
BXU	Butuan City	Butuan	suffix	
BYK	Bouake	Bouaké	accents	
BYR	Laeso	Læsø	accents	
BZI	Balikesir	Balıkesir	accents	
BZR	Beziers/Vias	Béziers	suffix	
CAH	Ca Mau City	Ca Mau	suffix	
CAW	Campos Dos Goytacazes	Campos dos Goytacazes	spelling	
CAY	Cayenne / Rochambeau	Cayenne	suffix	
CBH	Bechar	Béchar	accents	
CBO	Cotabato City	Cotabato	suffix	
CCF	Carcassonne/Salvaza	Carcassonne	suffix	
CEB	Lapu-Lapu City	Cebu	served	Mactan
CEN	Ciudad Obregon	Ciudad Obregón	accents	
CFE	Clermont-Ferrand/Auvergne	Clermont-Ferrand	suffix	
CFR	Caen/Carpiquet	Caen	suffix	
CFU	Kerkyra Island	Corfu	english	
CGB	Cuiaba	Cuiabá	accents	
CGH	Sao Paulo	São Paulo	accents	
CHQ	Souda	Chania	served	Souda
CHT	Waitangi	Chatham Islands	island	
CIA	Roma	Rome	english	Roma
CJS	Ciudad Juarez	Ciudad Juárez	accents	
CJU	Jeju City	Jeju	suffix	
CKW	Christmas Creek mine	Christmas Creek Mine	spelling	
CKZ	Canakkale	Çanakkale	accents	
CLY	Calvi/Sainte-Catherine	Calvi	suffix	
CMF	Chambery/Aix-les-Bains	Chambéry	suffix	
CMG	Corumba	Corumbá	accents	
CMI	Champaign/Urbana	Champaign	suffix	
CMX	Hancock	Houghton	served	Hancock
CND	Constanta	Constanța	accents	
CNN	Mattanur	Kannur	served	Mattanur
COL	Coll Island	Coll	suffix	
COV	Tarsus	Adana	served	Mersin
CPC	Chapelco/San Martin de los Andes	San Martín de los Andes	suffix	Chapelco
CPX	Culebra Island	Culebra	suffix	
CRK	Angeles City	Clark	served	Angeles City
CRU	Carriacou Island	Carriacou	suffix	
CRZ	Turkmenabat	Türkmenabat	accents	
CTD	Chitre	Chitré	accents	
CTS	Chitose / Tomakomai	Sapporo	served	Chitose
CUC	Cucuta	Cúcuta	accents	
CUL	Culiacan	Culiacán	accents	
CUM	Cumana	Cumaná	accents	
CUN	Cancun	Cancún	accents	
CUP	Carupano	Carúpano	accents	
CUR	Willemstad	Curaçao	island	Willemstad
CVG	Hebron	Cincinnati	served	
CWA	Mosinee	Wausau	served	Mosinee
CXJ	Caxias Do Sul	Caxias do Sul	spelling	
CXP	Cilacap-Java Island	Cilacap	suffix	
CYI	Chiayi City	Chiayi	suffix	
CYP	Calbayog City	Calbayog	suffix	
CYZ	Cauayan City	Cauayan	suffix	
CZS	Cruzeiro Do Sul	Cruzeiro do Sul	spelling	
DBM	Debra Marcos	Debre Markos	spelling	
DCM	Castres/Mazamet	Castres	suffix	
DCY	Daocheng County	Daocheng	suffix	
DEE	Kunashir Island	Yuzhno-Kurilsk	served	Kunashir
DEL	New Delhi	Delhi	curated	New Delhi
DFW	Dallas-Fort Worth	Dallas	curated	Fort Worth
DGT	Dumaguete City	Dumaguete	suffix	
DIY	Diyarbakir	Diyarbakır	accents	
DJB	Jambi-Sumatra Island	Jambi	suffix	
DJJ	Jayapura-Papua Island	Jayapura	suffix	
DLE	Dole/Tavaux	Dole	suffix	
DLU	Xiaguan	Dali	served	Xiaguan
DOM	Marigot	Dominica	island	Marigot
DPL	Dipolog City	Dipolog	suffix	
DPS	Denpasar-Bali Island	Bali	island	
DQA	Daqing Shi	Daqing	suffix	
DRP	Daraga	Legazpi	served	Daraga
DSS	Diass	Dakar	served	Diass
DTD	Datadawai-Borneo Island	Datadawai	suffix	
DUM	Dumai-Sumatra Island	Dumai	suffix	
DUS	Dusseldorf	Düsseldorf	accents	
DVO	Davao City	Davao	suffix	
DWC	Jebel Ali	Dubai	served	Jebel Ali
DYG	Dayong	Zhangjiajie	renamed	Dayong
EAM	Nejran	Najran	spelling	
EAS	Hondarribia	San Sebastián	served	Hondarribia
EBA	Marina  Di Campo	Marina di Campo	spelling	
EFL	Kefallinia Island	Kefalonia	english	Kefallinia
EGC	Bergerac/Roumaniere	Bergerac	suffix	
EGE	Eagle	Vail	served	Eagle | Beaver Creek
EGS	Egilsstadir	Egilsstaðir	accents	
EIS	Road Town	Tortola	island	Road Town
ELM	Elmira/Corning	Elmira	suffix	
ENE	Ende-Flores Island	Ende	suffix	
ENO	Encarnacion	Encarnación	accents	
ENT	Eniwetok Atoll	Enewetak	spelling	Eniwetok
ENU	Enegu	Enugu	spelling	
EOH	Medellin	Medellín	accents	
EPU	Parnu	Pärnu	accents	
ESD	Eastsound	Orcas Island	island	Eastsound
ESM	Tachina	Esmeraldas	served	
ETZ	Metz / Nancy	Metz	suffix	
EUN	El Aaiun	El Aaiún	accents	
EVE	Evenes	Harstad	served	Evenes
EYP	El Yopal	Yopal	served	
EZE	Ezeiza	Buenos Aires	served	Ezeiza
EZS	Elazig	Elazığ	accents	
FAE	Vagar	Vágar	accents	
FBE	Francisco Beltrao	Francisco Beltrão	accents	
FDE	Forde	Førde	accents	
FEN	Fernando De Noronha	Fernando de Noronha	spelling	
FKQ	Fakfak-Papua Island	Fakfak	suffix	
FKS	Sukagawa	Fukushima	served	Sukagawa
FLN	Florianopolis	Florianópolis	accents	
FLR	Firenze	Florence	english	Firenze
FLW	Santa Cruz das Flores	Flores	island	Santa Cruz das Flores
FLZ	Sibolga-Sumatra Island	Sibolga	suffix	
FNI	Nimes/Garons	Nîmes	suffix	
FON	La Fortuna/San Carlos	La Fortuna	suffix	
FRA	Frankfurt-am-Main	Frankfurt	curated	
FRL	Forli	Forlì	accents	
FRO	Floro	Florø	accents	
FSC	Figari Sud-Corse	Figari	suffix	
FTU	Tolanaro	Tôlanaro	accents	
FUE	Fuerteventura Island	Fuerteventura	suffix	
GBJ	Grand Bourg	Grand-Bourg	spelling	
GCI	Saint Peter Port	Guernsey	island	St. Peter Port
GCM	Georgetown	Grand Cayman	island	
GDN	Gdansk	Gdańsk	accents	
GDT	Cockburn Town	Grand Turk	island	Cockburn Town
GEA	Noumea	Nouméa	accents	
GEL	Santo Angelo	Santo Ângelo	accents	
GEV	Gallivare	Gällivare	accents	
GGT	George Town	Exuma	island	George Town
GHV	Brasov	Brașov	accents	
GIG	Rio De Janeiro	Rio de Janeiro	curated	
GMZ	Alajero	La Gomera	island	
GNB	Grenoble/Saint-Geoirs	Grenoble	suffix	
GNS	Gunung Sitoli-Nias Island	Gunung Sitoli	suffix	
GNY	Sanliurfa	Şanlıurfa	accents	
GOA	Genova	Genoa	english	Genova
GOI	Dabolim	Goa	served	Dabolim
GOX	Mopa	Goa	served	Mopa
GPS	Baltra	Galápagos	island	Baltra
GRK	Fort Cavazos/Killeen	Killeen	suffix	
GRU	Sao Paulo	São Paulo	curated	
GRW	Santa Cruz da Graciosa	Graciosa	island	Santa Cruz da Graciosa
GRY	Grimsey	Grímsey	accents	
GTO	Gorontalo-Celebes Island	Gorontalo	suffix	
GTR	Columbus/W Point/Starkville	Columbus	suffix	
GUM	Hagatna	Guam	island	
GWT	Westerland	Sylt	island	Westerland
GYA	Guayaramerin	Guayaramerín	accents	
GYN	Goiania	Goiânia	accents	
GZG	Garze	Garzê	accents	
GZP	Gazipasa	Gazipaşa	accents	
HAU	Karmoy	Karmøy	accents	
HDN	Hayden	Steamboat Springs	served	Hayden
HFN	Hornafjordur	Höfn	served	Hornafjörður
HOI	Otepa	Hao	island	Otepa
HOV	Orsta	Ørsta	accents	
HUN	Hualien City	Hualien	suffix	
HUU	Huanuco	Huánuco	accents	
HVG	Honningsvag	Honningsvåg	accents	
HYN	Huangyan	Taizhou	served	Huangyan
IAD	Dulles	Washington	served	Dulles
IAM	Amenas	In Aménas	spelling	
IAS	Iasi	Iași	accents	
IBE	Ibague	Ibagué	accents	
IBR	Omitama	Ibaraki	served	Omitama
IEG	Babimost	Zielona Góra	served	Babimost
IFJ	Isafjordur	Ísafjörður	accents	
IGA	Matthew Town	Inagua	island	Matthew Town
IGD	Igdir	Iğdır	accents	
IGU	Foz Do Iguacu	Foz do Iguaçu	spelling	
IIA	Inis Meain	Inis Meáin	accents	
ILO	Iloilo City	Iloilo	suffix	
ILP	Ile des Pins	Île des Pins	accents	
ILY	Port Ellen	Islay	island	Port Ellen
IMT	Iron Mountain Kingsford	Iron Mountain	suffix	
INH	Inhambabe	Inhambane	spelling	
INI	Nis	Niš	accents	
INQ	Inis Oirr	Inis Oírr	accents	
INU	Yaren District	Yaren	suffix	
IOM	Castletown	Isle of Man	island	
IOR	Inis Mor	Inis Mór	accents	
IOS	Ilheus	Ilhéus	accents	
IPC	Isla De Pascua	Easter Island	island	Isla de Pascua
IRZ	Santa Isabel Do Rio Negro	Santa Isabel do Rio Negro	spelling	
ISC	St. Mary's	Isles of Scilly	island	St. Mary's
IST	Arnavutkoy	Istanbul	curated	
IUE	Alofi	Niue	island	Alofi
IZA	Juiz De Fora	Juiz de Fora	spelling	
JAC	Jackson	Jackson Hole	served	Jackson
JAE	Jaen	Jaén	accents	
JDF	Juiz De Fora	Juiz de Fora	spelling	
JDO	Juazeiro Do Norte	Juazeiro do Norte	spelling	
JER	Saint Helier	Jersey	island	Saint Helier
JHB	Senai	Johor Bahru	served	Senai
JIK	Ikaria Island	Ikaria	suffix	
JIQ	Chongqing	Qianjiang	served	
JJD	Jijoca de Jericoacoara	Jericoacoara	suffix	
JKG	Jonkoping	Jönköping	accents	
JKH	Chios Island	Chios	suffix	
JKL	Kalymnos Island	Kalymnos	suffix	
JMK	Mykonos Island	Mykonos	suffix	
JNX	Naxos Island	Naxos	suffix	
JOE	Joensuu / Liperi	Joensuu	suffix	
JOG	Yogyakarta-Java Island	Yogyakarta	suffix	
JPA	Joao Pessoa	João Pessoa	accents	
JPR	Ji-Parana	Ji-Paraná	accents	
JSH	Crete Island	Sitia	served	Crete
JSR	Jashahor	Jashore	spelling	Jessore
JSY	Syros Island	Syros	suffix	
JTR	Santorini Island	Santorini	suffix	
JTY	Astypalaia Island	Astypalaia	suffix	
JYV	Jyvaskylan Maalaiskunta	Jyväskylä	suffix	
KAC	Kamishly	Qamishli	spelling	
KBU	Laut Island	Kotabaru	served	
KCM	Kahramanmaras	Kahramanmaraş	accents	
KCZ	Nankoku	Kochi	served	Nankoku
KDI	Kendari-Celebes Island	Kendari	suffix	
KDL	Kardla	Kärdla	accents	
KEF	Reykjavik	Reykjavík	accents	
KEM	Kemi / Tornio	Kemi	suffix	
KGS	Kos Island	Kos	suffix	
KHH	Kaohsiung City	Kaohsiung	suffix	
KIH	Kish Island	Kish	suffix	
KIT	Kithira Island	Kythira	spelling	Kithira
KKR	Raitahiti	Kaukura	island	Raitahiti
KLU	Klagenfurt am Worthersee	Klagenfurt am Wörthersee	accents	
KNG	Kaimana-Papua Island	Kaimana	suffix	
KNH	Shang-I	Kinmen	island	Shang-I
KNO	Medan-Sumatra Island	Medan	suffix	
KNQ	Kone	Koné	accents	
KOA	Kailua/Kona	Kona	island	
KOE	Kupang-Timor Island	Kupang	suffix	
KOI	Orkney Islands	Orkney	island	
KOK	Kokkola / Kruunupyy	Kokkola	suffix	
KOS	Sihanukville	Sihanoukville	spelling	
KQT	Kurgan-Tyube	Bokhtar	renamed	Kurgan-Tyube
KRF	Kramfors / Solleftea	Kramfors	suffix	
KRK	Krakow	Kraków	accents	
KRS	Kjevik	Kristiansand	served	Kjevik
KRW	Krasnovodsk	Turkmenbashi	renamed	Krasnovodsk
KSA	Okat	Kosrae	island	
KSC	Kosice	Košice	accents	
KSJ	Kasos Island	Kasos	suffix	
KTG	Ketapang-Borneo Island	Ketapang	suffix	
KTT	Kittila	Kittilä	accents	
KUO	Kuopio / Siilinjarvi	Kuopio	suffix	
KWL	Guilin City	Guilin	suffix	
KZO	Kzyl-Orda	Kyzylorda	renamed	Kzyl-Orda
KZR	Altintas	Altıntaş	accents	
KZS	Kastelorizo Island	Kastellorizo	spelling	Kastelorizo
LAE	Nadzab	Lae	served	Nadzab
LAO	Laoag City	Laoag	suffix	
LBC	Lubeck	Lübeck	accents	
LBD	Khudzhand	Khujand	renamed	Khudzhand
LBJ	Labuan Bajo-Flores Island	Labuan Bajo	suffix	
LBR	Labrea	Lábrea	accents	
LBW	Long Bawan-Borneo Island	Long Bawan	suffix	
LCA	Larnarca	Larnaca	spelling	
LCG	Culleredo	A Coruña	served	Culleredo
LCJ	Lodz	Łódź	accents	
LDE	Tarbes/Lourdes/Pyrenees	Lourdes	suffix	Tarbes
LEC	Lencois	Lençóis	accents	
LEI	Almeria	Almería	accents	
LEU	Montferrer / Castellbo	La Seu d'Urgell	served	Andorra
LFW	Lome	Lomé	accents	
LIG	Limoges/Bellegarde	Limoges	suffix	
LIH	Lihue	Kauai	island	Lihue
LIL	Lille/Lesquin	Lille	suffix	
LKA	Larantuka-Flores Island	Larantuka	suffix	
LLA	Lulea	Luleå	accents	
LNY	Lanai City	Lanai	suffix	
LOH	La Toma (Catamayo)	Loja	served	Catamayo
LOP	Mataram	Lombok	island	Mataram
LPA	Gran Canaria Island	Gran Canaria	suffix	
LPB	La Paz / El Alto	La Paz	suffix	
LPI	Linkoping	Linköping	accents	
LPU	Long Apung-Borneo Island	Long Apung	suffix	
LPY	Le Puy/Loudes	Le Puy	suffix	
LQM	Puerto Leguizamo	Puerto Leguízamo	accents	
LRH	La Rochelle/Ile de Re	La Rochelle	suffix	
LRS	Leros Island	Leros	suffix	
LSC	La Serena-Coquimbo	La Serena	suffix	Coquimbo
LSI	Lerwick	Shetland	island	Sumburgh
LSP	Paraguana	Paraguaná	accents	
LSW	Lhok Seumawe-Sumatra Island	Lhok Seumawe	suffix	
LTT	La Mole	Saint-Tropez	served	La Môle
LUM	Luxi	Mangshi	served	
LUV	Langgur-Seram Island	Langgur	suffix	
LXS	Limnos Island	Lemnos	english	Limnos
LZN	Nangang Island	Matsu	island	Nangan
MAB	Maraba	Marabá	accents	
MAH	Menorca Island	Menorca	suffix	
MAJ	Majuro Atoll	Majuro	suffix	
MAS	Manus Island	Manus	suffix	
MBD	Mafeking	Mahikeng	renamed	Mafeking | Mmabatho
MCK	Mc Cook	McCook	spelling	
MCP	Macapa	Macapá	accents	
MCY	Maroochydore	Sunshine Coast	served	Maroochydore
MCZ	Maceio	Maceió	accents	
MDC	Manado-Celebes Island	Manado	suffix	
MDE	Rionegro	Medellín	served	Rionegro
MEE	Mare	Maré	accents	
MEQ	Peureumeue-Sumatra Island	Peureumeue	suffix	
MFE	Mc Allen	McAllen	spelling	
MFK	Beigan Island	Matsu	island	Beigan
MFM	Taipa	Macau	served	Taipa
MGF	Maringa	Maringá	accents	
MHX	Manihiki Island	Manihiki	suffix	
MID	Merida	Mérida	accents	
MII	Marilia	Marília	accents	
MJF	Mosjoen	Mosjøen	accents	
MKK	Kaunakakai	Molokai	island	Kaunakakai
MKQ	Merauke-Papua Island	Merauke	suffix	
MKW	Manokwari-Papua Island	Manokwari	suffix	
MLA	Luqa	Malta	island	
MLE	Male	Malé	accents	
MLG	Malang-Java Island	Malang	suffix	
MLN	Melilla Island	Melilla	suffix	
MLO	Milos Island	Milos	suffix	
MMO	Vila do Maio	Maio	island	Vila do Maio
MMX	Malmo	Malmö	accents	
MMY	Miyako City	Miyakojima	spelling	
MNI	Gerald's Park	Montserrat	island	
MNX	Manicore	Manicoré	accents	
MOF	Maumere-Flores Island	Maumere	suffix	
MOI	Mitiaro Island	Mitiaro	suffix	
MOL	Aro	Molde	served	
MPA	Mpacha	Katima Mulilo	served	Mpacha
MPC	Muko Muko-Sumatra Island	Muko Muko	suffix	
MPH	Malay	Boracay	served	
MPL	Montpellier/Mediterranee	Montpellier	suffix	
MQJ	Honuu	Khonuu	spelling	
MQP	Mpumalanga	Nelspruit	served	Kruger
MQS	Mustique Island	Mustique	suffix	
MRU	Port Louis	Mauritius	island	Port Louis
MSR	Mus	Muş	accents	
MTR	Monteria	Montería	accents	
MUK	Mauke Island	Mauke	suffix	
MUN	Maturin	Maturín	accents	
MVF	Mossoro	Mossoró	accents	
MVP	Mitu	Mitú	accents	
MWX	Gwangju	Muan	served	
MXV	Moron	Mörön	accents	
MXZ	Meixian	Meizhou	renamed	Meixian
MYL	Mc Call	McCall	spelling	
MZG	Makung City	Magong	spelling	Penghu
MZT	Mazatlan	Mazatlán	spelling	
NAG	Naqpur	Nagpur	spelling	
NAH	Tahuna-Sangihe Island	Tahuna	suffix	
NAM	Namlea-Buru Island	Namlea	suffix	
NAP	Napoli	Naples	english	Napoli
NAT	Sao Goncalo Do Amarante	Natal	served	
NAV	Nevsehir	Nevşehir	accents	
NCY	Annecy/Meythet	Annecy	suffix	
NER	Chulman	Neryungri	served	Chulman
NEV	Charlestown	Nevis	island	Charlestown
NGE	N'Gaoundere	N'Gaoundéré	accents	
NGO	Tokoname	Nagoya	served	Tokoname | Chubu Centrair
NHV	Taiohae	Nuku Hiva	island	Taiohae
NLI	Nikolayevsk-na-Amure Airport	Nikolayevsk-on-Amur	suffix	
NLK	Burnt Pine	Norfolk Island	island	Burnt Pine
NLU	Santa Lucia	Mexico City	served	Santa Lucía
NOB	Nicoya	Nosara	served	Nicoya
NOC	Charleston	Knock	served	
NOU	Noumea	Nouméa	accents	
NPO	Nanga Pinoh-Borneo Island	Nanga Pinoh	suffix	
NQN	Neuquen	Neuquén	accents	
NQU	Nuqui	Nuquí	accents	
NRK	Norrkoping	Norrköping	accents	
NSI	Yaounde	Yaoundé	accents	
NTL	Williamtown	Newcastle	served	Williamtown
NTX	Ranai-Natuna Besar Island	Ranai	suffix	
NYO	Stockholm / Nykoping	Stockholm	suffix	
NYT	Pyinmana	Naypyidaw	served	Pyinmana
NZL	Zalantun	Zhalantun	spelling	
OCS	Corisco Island	Corisco	suffix	
ODB	Cordoba	Córdoba	accents	
OER	Ornskoldsvik	Örnsköldsvik	accents	
OFU	Ofu Village	Ofu	suffix	
OGG	Kahului	Maui	island	Kahului
OGL	Ogle	Georgetown	served	Ogle
OKA	Naha	Okinawa	island	Naha
OKE	Wadomari	Okinoerabu	island	Wadomari
OKJ	Okayama City	Okayama	suffix	
OKL	Oksibil-Papua Island	Oksibil	suffix	
OLA	Orland	Ørland	accents	
OMN	Lyaylyakul	Zomin	served	
ONX	Colon	Colón	accents	
OPP	Salinopolis	Salinópolis	accents	
ORB	Orebro	Örebro	accents	
OSD	Ostersund	Östersund	accents	
OUI	Ban Houayxay	Ouessant	served	
OUL	Oulu / Oulunsalo	Oulu	suffix	
OUZ	Zouerate	Zouérate	accents	
OVD	Ranon	Asturias	served	Oviedo
OZC	Ozamiz City	Ozamiz	suffix	
PAC	Albrook	Panama City	served	Albrook
PAG	Pagadian City	Pagadian	suffix	
PAS	Paros Island	Paros	suffix	
PBM	Zandery	Paramaribo	served	Zandery
PCP	Santo Antonio	Príncipe	island	
PCR	Puerto Carreno	Puerto Carreño	accents	
PDA	Puerto Inirida	Puerto Inírida	accents	
PDG	Ketaping/Padang-Sumatra Island	Padang	suffix	
PDO	Talang Gudang-Sumatra Island	Talang Gudang	suffix	
PEV	Pecs-Pogany	Pécs	suffix	
PGF	Perpignan/Rivesaltes	Perpignan	suffix	
PGK	Pangkal Pinang-Palaubangka Island	Pangkal Pinang	suffix	
PHB	Parnaiba	Parnaíba	accents	
PIB	Hattiesburg/Laurel	Hattiesburg	suffix	
PIS	Poitiers/Biard	Poitiers	suffix	
PIX	Pico Island	Pico	suffix	
PKG	Pangkor Island	Pangkor	suffix	
PKN	Pangkalanbun-Borneo Island	Pangkalanbun	suffix	
PKU	Pekanbaru-Sumatra Island	Pekanbaru	suffix	
PKY	Palangkaraya-Kalimantan Tengah	Palangkaraya	suffix	
PLM	Palembang-Sumatra Island	Palembang	suffix	
PLS	Providenciales Island	Providenciales	suffix	
PLW	Palu-Celebes Island	Palu	suffix	
PMG	Ponta Pora	Ponta Porã	accents	
PMI	Palma De Mallorca	Palma de Mallorca	spelling	
PNI	Pohnpei Island	Pohnpei	suffix	
PNK	Pontianak-Borneo Island	Pontianak	suffix	
POL	Pemba / Porto Amelia	Pemba	suffix	
POZ	Poznan	Poznań	accents	
PPE	Puerto Penasco	Puerto Peñasco	accents	
PPK	Petropavlosk	Petropavl	renamed	Petropavlovsk
PPN	Popayan	Popayán	accents	
PPS	Puerto Princesa City	Puerto Princesa	suffix	
PQC	Duong Dong	Phu Quoc	island	Duong Dong
PRI	Praslin Island	Praslin	suffix	
PRM	Portimao	Portimão	accents	
PSU	Putussibau-Borneo Island	Putussibau	suffix	
PSZ	Puerto Suarez	Puerto Suárez	accents	
PTG	Potgietersrus	Polokwane	served	
PTP	Pointe-a-Pitre Le Raizet	Pointe-à-Pitre	suffix	
PTY	Tocumen	Panama City	served	Tocumen
PUF	Pau/Pyrenees (Uzein)	Pau	suffix	
PUR	Puerto Rico/Manuripi	Puerto Rico	suffix	
PUU	Puerto Asis	Puerto Asís	accents	
PUW	Pullman/Moscow	Pullman	suffix	
PVK	Preveza/Lefkada	Preveza	suffix	
PXO	Vila Baleira	Porto Santo	island	Vila Baleira
PYJ	Yakutia	Polyarny	served	
PZH	Fort Sandeman	Zhob	renamed	Fort Sandeman
PZO	Puerto Ordaz-Ciudad Guayana	Puerto Ordaz	suffix	
QRO	Queretaro	Querétaro	accents	
QRW	Okpe	Warri	served	
QSF	Setif	Sétif	accents	
RAB	Tokua	Rabaul	served	Tokua
RAO	Ribeirao Preto	Ribeirão Preto	accents	
RAR	Avarua	Rarotonga	island	Avarua
RBQ	Rurenabaque	Rurrenabaque	spelling	
RDU	Raleigh/Durham	Raleigh-Durham	suffix	
RDZ	Rodez/Marcillac	Rodez	suffix	
RET	Rost	Røst	accents	
RFD	Chicago/Rockford	Chicago	suffix	
RFP	Uturoa	Raiatea	island	Uturoa
RHD	Rio Hondo	Termas de Río Hondo	spelling	
RHO	Rodes Island	Rhodes	suffix	
RIH	Rio Hato	Río Hato	accents	
RIY	Riyan	Mukalla	served	Riyan
RJL	Logrono	Logroño	accents	
RKV	Reykjavik	Reykjavík	accents	
RMO	Chisinau	Chișinău	accents	
RMQ	Taichung City	Taichung	suffix	
RMU	Corvera	Murcia	served	Corvera
RNN	Ronne	Rønne	accents	
RNS	Rennes/Saint-Jacques	Rennes	suffix	
ROO	Rondonopolis	Rondonópolis	accents	
ROP	Rota Island	Rota	suffix	
ROR	Babelthuap Island	Palau	island	Koror
RRG	Port Mathurin	Rodrigues	island	Port Mathurin
RRS	Roros	Røros	accents	
RTB	Roatan Island	Roatán	suffix	
RTG	Satar Tacik-Flores Island	Satar Tacik	suffix	
RUN	St Denis	Réunion	island	Saint-Denis
RVK	Rorvik	Rørvik	accents	
RXS	Roxas City	Roxas	suffix	
SAG	Kakadi	Shirdi	served	
SAL	Santa Clara	San Salvador	served	
SAP	La Mesa	San Pedro Sula	served	
SAQ	Andros Island	Andros	suffix	
SBH	Gustavia	St. Barts	island	Gustavia | Saint-Barthélemy | St. Barths
SCN	Saarbrucken	Saarbrücken	accents	
SCT	Socotra Islands	Socotra	suffix	
SCZ	Santa Cruz/Graciosa Bay/Luova	Santa Cruz	suffix	
SDL	Sundsvall/ Harnosand	Sundsvall	suffix	
SDU	Rio De Janeiro	Rio de Janeiro	spelling	
SEZ	Mahe Island	Seychelles	island	Mahé
SFC	St-Francois	St-François	accents	
SFL	Sao Filipe	São Filipe	accents	
SFS	Olongapo City	Subic Bay	served	
SFT	Skelleftea	Skellefteå	accents	
SGD	Sonderborg	Sønderborg	accents	
SHD	Staunton/Waynesboro/Harrisonburg	Staunton	suffix	
SID	Espargos	Sal	island	Espargos
SJD	San Jose del Cabo	Los Cabos	served	
SJE	San Jose Del Guaviare	San José del Guaviare	spelling	
SJK	Sao Jose Dos Campos	São José dos Campos	spelling	
SJL	Sao Gabriel Da Cachoeira	São Gabriel da Cachoeira	spelling	
SJO	San Jose	San José	accents	
SJP	Sao Jose Do Rio Preto	São José do Rio Preto	spelling	
SJZ	Velas	São Jorge	island	Velas
SKB	Basseterre	St. Kitts	island	Basseterre
SKN	Hadsel	Stokmarknes	served	Hadsel
SKU	Skiros Island	Skyros	spelling	Skiros
SLD	Sliac	Sliač	accents	
SLP	San Luis Potosi	San Luis Potosí	accents	
SLZ	Sao Luis	São Luís	accents	
SMA	Vila do Porto	Santa Maria	island	Vila do Porto
SMI	Samos Island	Samos	suffix	
SMQ	Sampit-Borneo Island	Sampit	suffix	
SNE	Preguica	Preguiça	accents	
SNV	Santa Elena de Uairen	Santa Elena de Uairén	accents	
SOB	Sarmellek	Hévíz	served	
SOC	Sukarata(Solo)-Java Island	Solo	suffix	
SOJ	Sorkjosen	Sørkjosen	accents	
SOQ	Sorong-Papua Island	Sorong	suffix	
SPC	Sta Cruz de la Palma	La Palma	island	Santa Cruz de La Palma
SPN	Saipan Island	Saipan	island	
SQG	Sintang-Borneo Island	Sintang	suffix	
SRG	Semarang-Java Island	Semarang	suffix	
SRP	Leirvik	Stord	served	Leirvik
SRQ	Sarasota/Bradenton	Sarasota	suffix	
SSJ	Alstahaug	Sandnessjøen	served	Alstahaug
STM	Santarem	Santarém	accents	
STT	Charlotte Amalie	St. Thomas	island	Charlotte Amalie
STX	Christiansted	St. Croix	island	Christiansted
SUG	Surigao City	Surigao	suffix	
SUN	Hailey	Sun Valley	served	Hailey | Ketchum
SVI	San Vicente Del Caguan	San Vicente del Caguán	spelling	
SVJ	Svolvaer	Svolvær	accents	
SVQ	Sevilla	Seville	english	Sevilla
SWQ	Sumbawa Island	Sumbawa Besar	suffix	
SXK	Saumlaki-Yamdena Island	Saumlaki	suffix	
SXM	Saint Martin	St. Maarten	island	
SYM	Simao	Pu'er	renamed	Simao
SZY	Szymany	Olsztyn	served	Szymany
TAB	Scarborough	Tobago	island	
TAC	Tacloban City	Tacloban	suffix	
TDK	Taldy Kurgan	Taldykorgan	renamed	Taldy Kurgan
TEE	Tebessi	Tébessa	spelling	
TEQ	Corlu	Çorlu	accents	
TFF	Tefe	Tefé	accents	
TFN	Tenerife Island	Tenerife	suffix	
TFS	Tenerife Island	Tenerife	suffix	
TGM	Targu Mures	Târgu Mureș	accents	
TGQ	Tangara Da Serra	Tangará da Serra	spelling	
TGZ	Tuxtla Gutierrez	Tuxtla Gutiérrez	accents	
THN	Trollhattan	Trollhättan	accents	
THO	Thorshofn	Þórshöfn	accents	
TIH	Tuherahera	Tikehau	island	Tuherahera
TIM	Timika-Papua Island	Timika	suffix	
TIQ	Tinian Island	Tinian	suffix	
TJG	Tanta-Tabalong-Borneo Island	Tanjung	suffix	
TJL	Tres Lagoas	Três Lagoas	accents	
TJQ	Tanjung Pandan-Belitung Island	Tanjung Pandan	suffix	
TJS	Tanjung Selor-Borneo Island	Tanjung Selor	suffix	
TJU	Kulyab	Kulob	renamed	Kulyab
TKG	Bandar Lampung-Sumatra Island	Bandar Lampung	suffix	
TKK	Weno Island	Chuuk	island	Weno
TLI	Toli Toli-Celebes Island	Toli Toli	suffix	
TLN	Toulon/Hyeres/Le Palyvestre	Toulon	suffix	
TLS	Toulouse/Blagnac	Toulouse	suffix	
TMC	Waikabubak-Sumba Island	Waikabubak	suffix	
TMH	Tanah Merah-Papua Island	Tanah Merah	suffix	
TMP	Tampere / Pirkkala	Tampere	suffix	
TMS	Sao Tome	São Tomé	accents	
TMT	Oriximina	Oriximiná	accents	
TNJ	Tanjung Pinang-Bintan Island	Tanjung Pinang	suffix	
TNN	Tainan City	Tainan	suffix	
TOS	Tromso	Tromsø	accents	
TRC	Torreon	Torreón	accents	
TRI	Bristol/Johnson/Kingsport	Johnson City	suffix	Tri-Cities
TRK	Tarakan Island	Tarakan	suffix	
TRN	Torino	Turin	english	Torino
TRZ	Tiruchirappally	Tiruchirappalli	spelling	
TSA	Taipei City	Taipei	suffix	
TSR	Timisoara	Timișoara	accents	
TTE	Sango-Ternate Island	Ternate	suffix	
TTT	Taitung City	Taitung	suffix	
TTU	Tetouan	Tétouan	accents	
TUA	Tulcan	Tulcán	accents	
TUC	San Miguel de Tucuman	San Miguel de Tucumán	accents	
TUF	Tours/Val de Loire (Loire Valley)	Tours	suffix	
TUG	Tuguegarao City	Tuguegarao	suffix	
TUR	Tucurui	Tucuruí	accents	
UDI	Uberlandia	Uberlândia	accents	
UIB	Quibdo	Quibdó	accents	
UIH	Quy Nohn	Quy Nhon	spelling	
UII	Utila Island	Utila	suffix	
UKK	Ust Kamenogorsk	Ust-Kamenogorsk	spelling	
ULG	Olgii	Ölgii	accents	
ULH	Al-'Ula	AlUla	spelling	
UME	Umea	Umeå	accents	
UOL	Buol-Celebes Island	Buol	suffix	
UPG	Ujung Pandang-Celebes Island	Makassar	renamed	Ujung Pandang
USH	Ushuahia	Ushuaia	spelling	
USM	Na Thon (Ko Samui Island)	Koh Samui	island	Samui
UVE	Ouvea	Ouvéa	accents	
UVF	Vieux Fort	St. Lucia	island	Vieux Fort
UYU	Quijarro	Uyuni	served	
VAL	Valenca	Valença	accents	
VAV	Vava'u Island	Vava'u	suffix	
VAW	Vardo	Vardø	accents	
VCE	Venezia	Venice	english	Venezia
VDE	El Hierro Island	El Hierro	suffix	
VDM	Viedma / Carmen de Patagones	Viedma	suffix	
VDO	Vân Đồn	Van Don	spelling	
VDS	Vadso	Vadsø	accents	
VIG	El Vigia	El Vigía	accents	
VIJ	Spanish Town	Virgin Gorda	island	Spanish Town
VIT	Alava	Vitoria	served	Vitoria-Gasteiz | Álava
VIX	Vitoria	Vitória	accents	
VPN	Vopnafjordur	Vopnafjörður	accents	
VPS	Valparaiso	Destin	served	Fort Walton Beach | Valparaiso
VQS	Vieques Island	Vieques	suffix	
VST	Stockholm / Vasteras	Stockholm	suffix	
VXE	Sao Pedro	São Pedro	accents	
VXO	Vaxjo	Växjö	accents	
WGP	Waingapu-Sumba Island	Waingapu	suffix	
WHK	Whakatane	Whakatāne	accents	
WLS	Wallis Island	Wallis	suffix	
WMX	Wamena-Papua Island	Wamena	suffix	
WNS	Nawabash	Nawabshah	spelling	
WRO	Wroclaw	Wrocław	accents	
WXN	Wanxian	Wanzhou	renamed	Wanxian
XAP	Chapeco	Chapecó	accents	
XCR	Chalons/Vatry	Châlons-en-Champagne	suffix	
XFN	Xiangfan	Xiangyang	renamed	Xiangfan
XIY	Xianyang	Xi'an	served	Xianyang
XNA	Fayetteville/Springdale/	Fayetteville	suffix	
XRY	Jerez de la Forntera	Jerez de la Frontera	spelling	
YAP	Yap Island	Yap	suffix	
YBX	Lourdes-De-Blanc-Sablon	Lourdes-de-Blanc-Sablon	spelling	
YFJ	Wekweeti	Wekweètì	accents	
YGL	La Grande Riviere	La Grande Rivière	accents	
YGP	Gaspe	Gaspé	accents	
YHU	Montreal	Montréal	accents	
YLE	Whati	Whatì	accents	
YMX	Montreal	Montréal	accents	
YNY	Sokcho / Gangneung	Sokcho	suffix	
YRA	Gameti	Gamètì	accents	
YTE	Cape Dorset	Kinngait	renamed	Cape Dorset
YUL	Montreal	Montréal	accents	
YUX	Hall Beach	Sanirajak	renamed	Hall Beach
YWJ	Deline	Déline	accents	
YZV	Sept-Iles	Sept-Îles	accents	
ZAM	Zamboanga City	Zamboanga	suffix	
ZFD	Fond-Du-Lac	Fond-du-Lac	spelling	
ZLT	La Tabatiere	La Tabatière	accents	
ZNZ	Kiembi Samaki	Zanzibar	island	
ZSE	St Pierre	Saint-Pierre	spelling	
ZTB	Tete-a-la-Baleine	Tête-à-la-Baleine	accents	
ZTH	Zakynthos Island	Zakynthos	suffix	
